configuration no,MC_PITCHRATE_P,MC_PITCH_P,MC_ROLLRATE_P,MC_ROLL_P,dist,max_alt_dif,avg_speed,max_speed,max_speed_h,max_speed_up,max_speed_down,max_tilt,outcome,log_duration
1,0.6,9.3,0.15,9.3,96.9,10,3.6,27.4,27,5.8,5.5,47.7,pass,0:01:43
2,0.6,12,0.01,9.3,4.2,1,0.6,20.3,16.5,2.2,11.9,179.7,fail,0:00:35
3,0.38,6.5,0.33,3.3,91.7,12,4.3,28,27.7,8.7,4.7,44.5,pass,0:01:26
4,0.38,12,0.15,12,92.1,12,4.2,27.6,27.3,7.8,4.8,45.4,pass,0:01:28
5,0.6,0,0.15,6.5,30.9,10,3.4,11.8,11.7,6.9,3.8,40,fail,0:00:37
6,0.01,9.3,0.33,12,3.4,1,0.7,13.5,6.7,3.7,12.9,179.1,fail,0:00:32
7,0.6,9.3,0.08,12,162.5,10,3.7,26.7,26.3,9.5,8.2,53.7,pass,0:02:24
8,0.6,0,0.01,0,26.5,10,3,32,32,7,1.9,48.2,fail,0:00:37
9,0.38,12,0.15,6.5,89.2,10,4.3,27.6,27.3,7.9,4.8,45.5,pass,0:01:21
10,0.15,12,0.33,6.5,91.3,12,4.2,27.5,27.2,9.2,4.7,54.5,pass,0:01:28
11,0.38,3.3,0.01,6.5,6.5,1,1,27.5,25.4,3,10.7,179.2,fail,0:00:33
12,0.08,0,0.01,12,7.8,3,0.9,29,19.5,3.3,22.8,179.8,fail,0:00:34
13,0.01,12,0.08,12,3.6,1,0.6,16.8,8.6,4.4,16.6,179.7,fail,0:00:32
14,0.15,12,0.08,12,91.8,12,4,27.6,27.3,9.2,4.7,58.1,pass,0:01:31
15,0.15,3.3,0.01,3.3,18.2,6,2.2,30.8,23.2,5.9,28.4,178.5,fail,0:00:38
16,0.08,3.3,0.08,12,91.7,11,4.2,29,28.7,10.3,4.8,51.7,pass,0:01:25
17,0.6,9.3,0.5,0,68.7,11,2.9,16.2,16.2,4.3,15.1,46.1,fail,0:01:25
18,0.08,6.5,0.15,12,92.1,12,4.1,28.9,28.6,9.6,4.7,60.3,pass,0:01:30
19,0.15,3.3,0.15,6.5,90.4,10,4.4,28.7,28.3,10.1,4.6,43.2,pass,0:01:20
20,0.6,9.3,0.5,3.3,1430.4,10,0.6,12.4,8.1,8.1,12.3,20.8,fail,2:46:21
21,0.6,6.5,0.33,0,28.8,10,2.3,26.4,26.3,5.8,1.1,42.5,fail,0:00:51
22,0.6,3.3,0.08,12,93.2,10,3.6,29.1,28.8,6.1,5,52.4,pass,0:01:30
23,0.01,6.5,0.01,3.3,5.4,2,1,20,13.3,3.1,15,179.8,fail,0:00:33
24,0.08,6.5,0.33,9.3,91.2,11,4.2,28.8,28.5,9.7,4.7,60,pass,0:01:26
25,0.01,6.5,0.15,6.5,4.1,1,0.7,18.6,13.3,3.1,16.3,178.9,fail,0:00:34
26,0.15,6.5,0.08,3.3,89.4,10,4.2,28.2,27.9,9.8,4.7,49.2,pass,0:01:22
27,0.38,6.5,0.15,12,91.2,12,4.2,28,27.7,8.8,4.7,44.5,pass,0:01:28
28,0.01,0,0.5,9.3,24.2,10,3,34.9,34.8,6.7,1.6,47.5,fail,0:00:35
29,0.08,6.5,0.33,0,32.1,11,2.4,27.7,27.7,9.8,2.5,60.1,fail,0:00:54
30,0.6,12,0.15,3.3,92.8,10,4.3,26.3,26,5.8,5.2,48.5,pass,0:01:23
31,0.01,3.3,0.15,6.5,13.2,2,1.9,20.4,19.6,5.4,19.9,179.7,fail,0:00:34
32,0.08,3.3,0.33,9.3,93.5,12,4.3,28.9,28.5,10.2,4.7,49.2,pass,0:01:26
33,0.15,6.5,0.15,6.5,90.8,12,3.9,28.1,27.7,9.4,4.7,48.9,pass,0:01:32
34,0.15,0,0.33,12,28.4,10,3.4,14.6,13.9,11.9,4.2,37.4,fail,0:00:35
35,0.08,3.3,0.01,12,3.6,1,0.6,19.9,9.5,3.2,17.4,179.2,fail,0:00:33
36,0.08,9.3,0.15,3.3,90.9,10,4.3,28.4,28.1,9.3,5,62.9,pass,0:01:22
37,0.38,9.3,0.5,12,100.9,11,3,24.8,24.5,5.9,5.7,44.8,pass,0:02:10
38,0.01,6.5,0.15,0,3.6,1,0.6,21.3,10,3.3,18.8,179.9,fail,0:00:34
39,0.6,6.5,0.33,12,97.7,10,3.1,28.1,27.7,5.8,6.4,45.9,pass,0:02:01
40,0.01,0,0.01,6.5,5.1,2,0.9,27.1,9.7,4.1,25.9,178.9,fail,0:00:35
41,0.08,0,0.5,3.3,27.2,10,3.4,18.7,18.7,6.7,1.6,47.3,fail,0:00:34
42,0.15,9.3,0.08,3.3,91.6,12,4.1,27.9,27.6,9.3,4.7,52.1,pass,0:01:29
43,0.38,12,0.5,6.5,90.2,11,3,27.2,27,5.7,6.2,53.7,pass,0:01:55
44,0.01,9.3,0.08,3.3,2.9,1,0.5,15.5,6.6,3.7,14,179.8,fail,0:00:32
45,0.08,12,0.08,0,39.8,10,3.2,27.3,27.2,9.3,1.7,64.4,fail,0:00:49
46,0.15,12,0.01,6.5,11.2,2,1.4,22.4,15,6.1,19.4,179.4,fail,0:00:37
47,0.6,6.5,0.15,12,93.1,10,3.6,28.1,27.9,5.7,5.1,50,pass,0:01:40
48,0.01,0,0.01,0,22.6,10,2.8,33.5,33.4,7.7,1.7,47.6,fail,0:00:34
49,0.08,12,0.01,6.5,5.2,2,1,25.3,6.8,4.4,25.1,178.5,fail,0:00:35
50,0.15,12,0.33,9.3,91,12,4,27.4,27.2,9.1,4.7,54.4,pass,0:01:31
51,0.01,12,0.15,3.3,3.7,1,0.7,21.6,10.4,3.1,19,179,fail,0:00:32
52,0.01,0,0.08,3.3,22.9,10,2.9,33.7,33.6,7.8,1.5,48,fail,0:00:34
53,0.15,9.3,0.15,9.3,89.4,10,4.3,27.9,27.6,9.2,4.7,51.7,pass,0:01:20
54,0.08,9.3,0.08,3.3,91,10,4.3,28.4,28.1,9.7,5,63.1,pass,0:01:22
55,0.01,0,0.33,12,28.6,10,3.5,15.2,15.2,8.5,3.8,45.4,fail,0:00:34
56,0.6,3.3,0.08,0,34.3,10,2.8,27,27,6.1,3.4,49.5,fail,0:00:49
57,0.15,6.5,0.01,6.5,5.2,1,0.9,23.7,8.4,4.2,22.7,179.1,fail,0:00:37
58,0.6,9.3,0.33,6.5,92.8,10,3.6,27.1,26.8,5.7,5.3,45.8,pass,0:01:39
59,0.01,3.3,0.08,0,6.4,2,1,23.7,11.9,5,23,179.6,fail,0:00:34
60,0.08,0,0.5,12,38.6,10,4.1,13.9,13.9,7,4.9,42.8,fail,0:00:39
61,0.38,9.3,0.33,12,91.1,11,4.2,27.8,27.5,7.9,4.7,44.7,pass,0:01:27
62,0.6,9.3,0.08,3.3,92.1,11,4.3,27.2,26.9,5.8,5.1,45.8,pass,0:01:23
63,0.6,9.3,0.01,6.5,5.7,1,1,18.4,12,2.7,18.3,178.2,fail,0:00:35
64,0.38,0,0.33,9.3,27.6,10,3.3,16.4,16.4,10,3.6,47.3,fail,0:00:35
65,0.15,3.3,0.5,3.3,93.6,10,4.3,28.9,28.6,7.2,5,43.1,pass,0:01:23
66,0.38,9.3,0.5,0,36.5,10,3,26.1,26.1,7.1,2.7,46.1,fail,0:00:48
67,0.01,12,0.08,9.3,4.1,1,0.8,19.8,9.8,4.7,19.8,178.7,fail,0:00:34
68,0.6,12,0.15,9.3,108.1,10,3.4,26.5,26.1,5.9,6.3,48.5,pass,0:02:00
69,0.01,9.3,0.15,9.3,4.6,1,0.9,17.2,12.4,3,11.8,179,fail,0:00:32
70,0.38,3.3,0.33,6.5,92.1,11,4.3,28.6,28.2,10,4.6,43.8,pass,0:01:23
71,0.6,3.3,0.15,9.3,94.5,11,4.2,29.4,29.1,6.1,5.4,49,pass,0:01:28
72,0.15,0,0.5,6.5,27.8,10,3.3,14.2,14.2,6.8,1,46.7,fail,0:00:35
73,0.08,0,0.08,12,29.8,10,3.5,15.1,13.1,11.4,3.9,27,fail,0:00:36
74,0.08,12,0.33,3.3,91.9,11,4.2,27.4,27.1,9.5,5.2,63,pass,0:01:25
75,0.38,9.3,0.08,0,31.8,10,2.8,26.7,26.6,7.9,1.4,44.7,fail,0:00:46
76,0.01,6.5,0.08,12,4,1,0.7,23.3,16,3.2,16.9,178.8,fail,0:00:32
77,0.15,0,0.01,9.3,3.5,1,0.6,19,14.5,2.9,12.2,179.9,fail,0:00:34
78,0.08,6.5,0.15,9.3,91.1,11,4.3,29,28.7,9.6,4.8,60.9,pass,0:01:22
79,0.15,0,0.15,0,29.7,10,3.4,29.7,29.6,11.5,3.9,48.6,fail,0:00:37
80,0.08,3.3,0.15,12,94,12,4.1,28.9,28.6,10.1,4.7,49.1,pass,0:01:31
81,0.15,6.5,0.15,9.3,91.4,12,4,28.3,28,9.5,4.7,49,pass,0:01:30
82,0.08,0,0.33,6.5,27.9,10,3.2,14.7,14.7,7.3,2.7,29.2,fail,0:00:36
83,0.38,0,0.33,0,26.4,10,3.2,29.6,29.6,11.6,3.9,48.3,fail,0:00:34
84,0.08,0,0.33,3.3,28.7,10,3.6,15.3,15.3,8,1.4,24.4,fail,0:00:34
85,0.15,3.3,0.5,12,106,10,4,28.8,28.4,5.7,6.5,42.9,pass,0:01:42
86,0.01,9.3,0.15,6.5,4.4,1,0.7,18.7,12.9,4.8,18.4,179.4,fail,0:00:34
87,0.08,12,0.01,0,40,10,3.3,27.4,27.4,9.5,1.7,64,fail,0:00:49
88,0.6,0,0.01,6.5,7.4,2,0.9,20.3,11.3,4,19.3,179.1,fail,0:00:36
89,0.15,0,0.08,12,30.8,10,3.4,28.9,28.7,6.1,1.2,50.6,fail,0:00:37
90,0.38,6.5,0.08,3.3,91.7,12,4.2,28.1,27.8,8.8,4.7,44.6,pass,0:01:26
91,0.01,0,0.15,9.3,29.6,10,3.7,15.6,15.4,11.9,4.6,47.1,fail,0:00:34
92,0.08,3.3,0.08,0,36.2,10,2.5,27.6,27.6,10.2,3.3,53.4,fail,0:00:56
93,0.6,3.3,0.15,12,98.2,12,4,29.2,29,6.1,5.3,46,pass,0:01:37
94,0.08,6.5,0.01,0,35,10,2.6,27.6,27.6,9.7,2.6,60.2,fail,0:00:54
95,0.6,6.5,0.01,9.3,7,1,1.1,21.2,19.5,5.2,8.3,178.4,fail,0:00:34
96,0.08,12,0.33,6.5,115.4,11,2.8,27.7,27.5,9.6,5.1,62.6,pass,0:03:26
97,0.6,3.3,0.5,12,558,9,2.2,17.1,3.6,6.2,17.1,20.1,fail,0:14:52
98,0.15,3.3,0.33,3.3,92.7,12,4.4,28.6,28.2,10.1,4.6,43.4,pass,0:01:24
99,0.01,12,0.01,3.3,4,1,0.8,21.5,12,2.9,17.8,179.3,fail,0:00:32
100,0.38,12,0.33,6.5,86.8,10,3.4,27.5,27.3,7.7,4.9,45.4,pass,0:01:39
101,0.6,3.3,0.5,9.3,306.7,6,2.2,11.8,3.3,6.7,11.8,11.7,fail,0:07:58
102,0.08,12,0.15,6.5,111.7,11,2.8,27.5,27.3,9.5,5.2,62.5,pass,0:03:09
103,0.08,9.3,0.33,0,33.3,10,2.4,27.6,27.6,9.6,2.3,62.8,fail,0:00:54
104,0.38,0,0.5,3.3,29.7,10,3.4,15.8,15.8,12.3,4.5,49.2,fail,0:00:36
105,0.15,3.3,0.08,12,89.9,10,3.2,28.8,28.5,10.2,4.6,50.9,pass,0:01:25
106,0.6,9.3,0.15,6.5,93.9,11,3.9,27.1,26.8,5.8,5,46.1,pass,0:01:34
107,0.15,6.5,0.15,0,34.1,11,2.6,26.9,26.9,9.7,2.7,49.3,fail,0:00:52
108,0.01,0,0.15,6.5,30.1,10,3.7,15.8,15.8,10.6,4.5,47.1,fail,0:00:34
109,0.6,0,0.01,3.3,11.3,5,1.3,39.8,10.2,4.4,39.8,179.9,fail,0:00:36
110,0.15,12,0.5,0,35.5,10,2.6,26.4,26.3,6.2,2.3,46.7,fail,0:00:54
111,0.38,12,0.15,9.3,89.5,10,4.3,27.6,27.3,8.2,4.8,45.6,pass,0:01:21
112,0.01,0,0.33,9.3,28.3,10,3.5,13,13,7.6,1.7,21.5,fail,0:00:33
113,0.6,3.3,0.08,3.3,93.2,10,3.6,29.1,28.8,6.1,5,52.4,pass,0:01:23
114,0.01,12,0.33,3.3,3.6,1,0.6,15.8,10.4,4.7,15.8,179.4,fail,0:00:32
115,0.15,0,0.33,6.5,30.1,10,3.7,18.6,16.3,11.5,4,45.5,fail,0:00:34
116,0.6,6.5,0.15,3.3,91.1,10,4.3,28,27.6,5.8,5.4,46,pass,0:01:22
117,0.38,9.3,0.08,3.3,89.7,10,4.3,27.8,27.5,8,4.8,44.7,pass,0:01:21
118,0.01,9.3,0.08,0,4,1,0.7,16,7.8,3.5,14,179.6,fail,0:00:32
119,0.6,6.5,0.08,12,96.9,10,3.6,27.8,27.5,5.7,5.5,53.7,pass,0:01:38
120,0.38,12,0.08,9.3,91.1,12,4.2,27.5,27.2,7.9,4.8,48.3,pass,0:01:27
121,0.15,6.5,0.01,12,6.3,2,1.1,30,14.1,4.1,27.7,179,fail,0:00:35
122,0.08,6.5,0.5,12,89.9,10,3.2,25.6,25.5,5.7,6.7,58.4,pass,0:01:48
123,0.01,12,0.5,0,3.7,1,0.6,16.2,10,4.7,16.2,179.8,fail,0:00:32
124,0.6,12,0.08,0,29.6,10,2.3,23.4,23.3,5.8,1.2,34.5,fail,0:00:50
125,0.15,9.3,0.01,12,5.1,1,0.7,14.5,13.5,4.8,14.4,179.4,fail,0:00:36
126,0.08,12,0.08,6.5,112.9,11,2.8,27.4,27.2,9.4,5.2,63.5,pass,0:03:14
127,0.15,6.5,0.08,9.3,89.4,10,4.2,28.1,27.8,9.7,4.7,51.4,pass,0:01:22
128,0.01,12,0.5,9.3,4.4,1,0.6,22.6,8.4,3.9,22.2,179.9,fail,0:00:33
129,0.01,3.3,0.5,9.3,4.8,2,0.7,21.8,8,3.1,21.4,179.4,fail,0:00:32
130,0.38,3.3,0.08,6.5,92.6,12,4.2,28.6,28.2,10,4.6,47.5,pass,0:01:28
131,0.38,12,0.33,0,31.9,10,2.8,26.5,26.5,7.8,1.3,44.8,fail,0:00:46
132,0.6,0,0.08,12,27.5,10,3.1,33.4,33.4,7.2,1.9,47.7,fail,0:00:36
133,0.38,6.5,0.01,3.3,12.6,3,1.6,29.7,24.5,4.7,23.1,179.5,fail,0:00:37
134,0.38,3.3,0.5,9.3,95.6,11,4.3,29.1,28.8,5.8,7,43.3,pass,0:01:26
135,0.38,12,0.5,9.3,109.2,11,3.1,25.1,24.9,6,7.9,59.4,pass,0:02:12
136,0.01,6.5,0.5,12,3.5,1,0.6,19.1,12.1,2.9,14.8,179.8,fail,0:00:33
137,0.15,12,0.33,3.3,93.5,12,4.1,27.8,27.5,9.2,4.7,54.4,pass,0:01:31
138,0.08,12,0.15,12,124.3,11,2.5,27.7,27.4,9.5,5.2,63.1,pass,0:04:13
139,0.01,0,0.08,6.5,37.2,10,4.6,24.7,24.6,7.6,2,49.8,fail,0:00:34
140,0.6,9.3,0.01,0,32.9,10,2.5,25.7,25.6,5.8,2.7,43.9,fail,0:00:52
141,0.15,3.3,0.33,12,93.7,12,4,28.8,28.5,10.3,4.6,43.3,pass,0:01:32
142,0.08,6.5,0.08,0,34.6,10,2.4,27.6,27.6,9.8,2.7,60.6,fail,0:00:57
143,0.08,3.3,0.15,9.3,90.9,10,4.3,28.9,28.5,10.3,4.7,49.2,pass,0:01:22
144,0.01,3.3,0.5,6.5,5,1,0.8,20.9,10.4,3.3,20.9,179.5,fail,0:00:33
145,0.38,9.3,0.5,3.3,89.8,10,4.2,28.5,28.3,5.6,5,44.6,pass,0:01:24
146,0.15,0,0.5,3.3,28.4,10,3.5,16.6,14,9.7,4.2,36.2,fail,0:00:34
147,0.08,3.3,0.15,0,34.9,10,2.5,27.7,27.7,10.1,2.6,49.6,fail,0:00:54
148,0.01,9.3,0.15,3.3,3.8,1,0.7,23.4,13.4,3,19.2,178.8,fail,0:00:32
149,0.01,12,0.5,12,2.8,1,0.5,13.6,6,2.5,12.2,179.3,fail,0:00:33
150,0.38,3.3,0.01,12,3.9,1,0.7,17.4,7.8,3.5,15.5,178.7,fail,0:00:33
151,0.6,0,0.33,0,33.4,10,3.8,24.8,24.8,12.3,5.2,48.7,fail,0:00:37
152,0.08,9.3,0.01,3.3,10.7,3,1.5,42,19.6,5,37.1,178.8,fail,0:00:36
153,0.15,12,0.08,0,33.5,11,2.7,26.5,26.5,9.1,3.4,54.3,fail,0:00:50
154,0.08,9.3,0.33,9.3,89.8,10,4.3,28.5,28.2,9.7,5,62.7,pass,0:01:21
155,0.38,0,0.01,3.3,10.7,3,1.4,27.5,13.4,5.6,25.9,179.3,fail,0:00:36
156,0.38,3.3,0.01,9.3,3.2,1,0.6,20.3,14.3,2.9,14.3,179.4,fail,0:00:33
157,0.6,9.3,0.08,9.3,120.7,10,4,26.8,26.4,6.9,6.7,51,pass,0:01:56
158,0.01,6.5,0.33,6.5,6.2,2,1.2,30.1,21.1,3.1,22.2,179.4,fail,0:00:33
159,0.6,9.3,0.5,9.3,444.1,10,0.9,13.3,8.4,6.8,13.3,22.6,fail,0:30:39
160,0.6,0,0.15,9.3,29.1,10,3.3,11.1,11.1,7.5,3.3,31.8,fail,0:00:36
161,0.08,12,0.08,12,41.1,10,3,27,27,9.3,3.8,66.2,fail,0:00:57
162,0.01,12,0.01,12,3.3,1,0.5,16.1,8.1,3.1,15.2,179.9,fail,0:00:32
163,0.38,0,0.5,0,22.7,10,2.5,29.1,29,8.6,2,47.6,fail,0:00:37
164,0.01,6.5,0.01,0,3.6,1,0.6,26.1,20.1,3.1,16.5,179.8,fail,0:00:33
165,0.01,9.3,0.15,12,3.4,1,0.7,19.6,6.9,3.5,18.7,179.9,fail,0:00:33
166,0.01,3.3,0.5,0,7.3,2,1,26.1,10.6,4.9,26,179.9,fail,0:00:33
167,0.38,3.3,0.33,9.3,93.6,12,4,28.5,28.1,9.6,4.6,43.8,pass,0:01:32
168,0.38,9.3,0.33,0,31.5,10,2.8,26.6,26.6,7.8,1.1,44.6,fail,0:00:46
169,0.6,3.3,0.15,3.3,95.1,10,4.3,29.4,29.1,6.1,5.3,44.9,pass,0:01:24
170,0.6,9.3,0.33,12,111.8,10,3.1,27.3,26.9,6.1,7.9,46.1,pass,0:02:16
171,0.38,3.3,0.01,3.3,6.4,2,0.8,30.6,18.8,4.4,24.1,179.6,fail,0:00:39
172,0.38,3.3,0.01,0,35.6,10,2.8,27.6,27.6,9.7,2.4,45.6,fail,0:00:50
173,0.38,6.5,0.15,6.5,91.1,12,4.2,28,27.7,8.7,4.7,44.5,pass,0:01:26
174,0.15,6.5,0.5,9.3,92.9,10,3.7,28.2,28,5.7,5.3,47,pass,0:01:35
175,0.6,0,0.33,3.3,30.3,10,2.3,11.7,11.7,8,2.9,30.6,fail,0:00:51
176,0.08,12,0.15,9.3,91.4,11,4.3,27.8,27.6,9.7,5.1,63.5,pass,0:01:21
177,0.08,12,0.33,12,98.8,11,3.4,28.2,27.9,9.6,5.2,65.6,pass,0:01:58
178,0.01,3.3,0.5,3.3,10.5,2,1.5,21.2,14.3,3.9,20.2,179.3,fail,0:00:33
179,0.08,12,0.01,3.3,12.5,3,1.6,33.4,30.6,4.8,14.4,179.8,fail,0:00:35
180,0.6,12,0.15,12,112.7,10,3.9,26.5,26.2,7.8,7.4,49.4,pass,0:01:51
181,0.15,0,0.08,6.5,34.7,10,3.8,33.9,33.9,6.1,1.3,52.1,fail,0:00:37
182,0.6,0,0.15,3.3,28.5,10,3.4,14.9,14.9,7.5,3.8,43.6,fail,0:00:35
183,0.15,6.5,0.08,6.5,91.4,12,4,28.3,28,9.8,4.7,49.6,pass,0:01:31
184,0.08,3.3,0.08,3.3,89.8,10,4.8,28.7,28.3,10.4,4.8,49.2,pass,0:01:13
185,0.6,6.5,0.08,3.3,92,10,4.4,28,27.7,5.7,5.2,46,pass,0:01:21
186,0.15,12,0.08,6.5,90.9,12,4.1,27.6,27.3,9,4.7,54.3,pass,0:01:29
187,0.38,9.3,0.33,3.3,96.1,12,4.2,27.8,27.5,8,8,44.8,pass,0:01:26
188,0.15,3.3,0.01,9.3,4.4,1,0.8,25,10.6,3.8,23.1,179.4,fail,0:00:35
189,0.38,0,0.33,6.5,28.4,10,3.3,15.8,12,11.8,4,14.6,fail,0:00:35
190,0.15,9.3,0.5,12,103.9,10,3.1,26.8,26.5,5.8,6.5,50.8,pass,0:02:06
191,0.6,0,0.33,6.5,29.2,10,2.3,32.8,32.8,6.9,2.2,48.5,fail,0:00:51
192,0.6,6.5,0.08,9.3,96.8,10,4,28,27.7,5.8,5.3,52.1,pass,0:01:32
193,0.6,0,0.5,0,117.8,8,3.4,12.8,5.1,9.9,12,26,fail,0:02:04
194,0.38,3.3,0.33,3.3,93.1,12,4.4,28.4,28.1,9.8,4.6,43.8,pass,0:01:24
195,0.38,12,0.5,12,101.8,11,2.7,23.7,23.7,6.3,7.3,59.4,pass,0:02:22
196,0.38,6.5,0.33,12,95.1,12,4.2,28.1,27.8,8.7,7.8,44.5,pass,0:01:27
197,0.01,9.3,0.01,12,3.2,1,0.5,17.3,7.5,3,15.6,180,fail,0:00:32
198,0.6,12,0.01,12,17.3,2,2.7,22.9,22.1,3.8,8.1,177.8,fail,0:00:34
199,0.01,0,0.5,6.5,22.9,10,2.9,34.4,34.4,6.2,1.8,47.5,fail,0:00:34
200,0.15,3.3,0.08,3.3,90.9,12,4.5,28.6,28.2,10.1,4.6,43.2,pass,0:01:20
201,0.15,9.3,0.08,0,32.6,11,2.6,26.7,26.6,9.1,3.5,52.1,fail,0:00:49
202,0.6,0,0.15,0,31.6,10,3.6,23.6,23.6,12,3.7,48.6,fail,0:00:37
203,0.08,0,0.15,0,28.9,10,3.3,33.4,33.4,7.8,1.4,47.6,fail,0:00:36
204,0.38,0,0.08,6.5,28.8,10,3.5,18.4,16.4,10.7,4,28.7,fail,0:00:35
205,0.38,6.5,0.01,12,7.2,2,1,21.1,17.4,2.7,13.5,178.9,fail,0:00:33
206,0.38,6.5,0.5,3.3,91.7,10,4.1,28.6,28.3,6.3,5.2,44.4,pass,0:01:25
207,0.6,3.3,0.33,6.5,94.8,10,3.3,29.4,29.2,6.3,5.3,44.8,pass,0:01:48
208,0.08,6.5,0.08,6.5,89.7,10,4.2,28.9,28.6,9.7,4.7,61.2,pass,0:01:22
209,0.08,9.3,0.5,0,30,10,2.7,27.1,27,6.3,1.5,51.2,fail,0:00:46
210,0.08,9.3,0.5,9.3,93,10,3.1,26.1,26,5.7,6.4,60.9,pass,0:01:54
211,0.38,3.3,0.33,0,35.1,10,2.6,27.6,27.6,9.7,2.7,43.7,fail,0:00:53
212,0.01,6.5,0.5,3.3,4,1,0.7,21.8,16.9,3.4,13.7,179.6,fail,0:00:32
213,0.15,0,0.15,6.5,32.2,10,0.9,18.7,16.1,9.6,3.9,39.4,fail,0:02:30
214,0.08,6.5,0.01,12,4.9,2,0.5,22,13.4,3,18.1,179.7,fail,0:00:34
215,0.01,3.3,0.33,3.3,10.7,2,1.4,21.5,9.5,5.2,20.6,179.8,fail,0:00:33
216,0.08,0,0.5,6.5,28.5,10,3.4,14.1,14.1,6.6,2.2,46,fail,0:00:35
217,0.08,6.5,0.5,6.5,92.9,11,4,28.7,28.4,5.7,5.6,56.7,pass,0:01:29
218,0.15,12,0.5,3.3,93.5,10,4.3,28.4,28.2,6,4.9,53.6,pass,0:01:25
219,0.38,6.5,0.15,0,33.2,11,2.9,26.8,26.8,8.6,2.5,44.4,fail,0:00:46
220,0.6,0,0.08,9.3,25.6,10,2.9,33.1,33.1,7,1.9,48.4,fail,0:00:36
221,0.01,9.3,0.5,3.3,4.8,1,0.8,18.2,12.7,4.6,17.7,179.1,fail,0:00:34
222,0.15,9.3,0.33,0,29.6,10,2.6,26.7,26.7,9.2,1.1,51.6,fail,0:00:46
223,0.38,6.5,0.01,6.5,6.5,2,1,28.5,13.3,4.4,25.9,179.8,fail,0:00:35
224,0.01,12,0.15,6.5,3.4,1,0.6,19.5,8.9,4.4,19.5,179.7,fail,0:00:33
225,0.08,0,0.01,0,28.6,10,3.5,27,27,11.4,3.7,48.9,fail,0:00:35
226,0.08,12,0.5,6.5,90.2,10,3.5,24,23.9,5.7,6.2,63.2,pass,0:01:38
227,0.38,0,0.15,0,23.8,10,2.9,33.1,33.1,9.3,1.9,47.5,fail,0:00:35
228,0.38,0,0.01,12,2.6,1,0.5,20.8,10.8,3.1,17.8,179.7,fail,0:00:32
229,0.38,3.3,0.15,9.3,90.5,10,4.3,28.6,28.3,10,4.6,44.9,pass,0:01:22
230,0.15,9.3,0.5,9.3,94.9,10,3.4,28,27.8,5.8,6.7,50.9,pass,0:01:46
231,0.08,0,0.15,9.3,28.7,10,3.3,14.7,14.5,9.8,4.4,31.7,fail,0:00:36
232,0.38,6.5,0.15,9.3,90.8,11,4.3,28,27.7,8.7,4.7,44.5,pass,0:01:22
233,0.15,6.5,0.01,9.3,5.1,1,0.7,19.6,11.1,3.1,16.2,178.8,fail,0:00:34
234,0.01,0,0.33,6.5,28.9,10,3.6,13.2,13.2,7.6,1.7,24,fail,0:00:33
235,0.08,9.3,0.15,12,89.9,10,4.3,28.6,28.2,9.4,5,63,pass,0:01:22
236,0.6,6.5,0.01,12,3.2,1,0.5,16.6,7.6,2.6,14.8,180,fail,0:00:32
237,0.6,12,0.5,9.3,9,5,0.8,6.4,1.5,6.2,1.6,5.9,fail,0:00:50
238,0.01,6.5,0.33,12,4.2,1,0.7,19.1,12.6,3.1,14.3,178.7,fail,0:00:33
239,0.08,0,0.15,12,28.4,10,3.2,33.4,33.4,7.8,1.4,47.6,fail,0:00:36
240,0.15,12,0.15,9.3,89.6,10,4.2,27.7,27.4,9.3,4.7,54.2,pass,0:01:23
241,0.15,9.3,0.01,6.5,3.8,1,0.6,21.9,17.1,3.1,13.6,178.8,fail,0:00:36
242,0.01,3.3,0.33,0,7.5,2,0.9,25.6,8.5,4.8,24.8,179.6,fail,0:00:33
243,0.38,0,0.5,6.5,29.9,10,3.3,15.2,15.2,10.4,4.2,46.9,fail,0:00:38
244,0.6,0,0.5,6.5,291.4,7,2.5,11.6,10.3,6.6,11.4,30.7,fail,0:06:43
245,0.6,6.5,0.15,6.5,91.9,11,4.1,28.2,27.9,5.8,5.3,48.2,pass,0:01:26
246,0.15,9.3,0.15,12,91.3,12,4.1,27.8,27.5,9.3,4.7,51.9,pass,0:01:29
247,0.6,0,0.5,9.3,19.5,5,1.7,12.7,4.3,5.3,12.6,17.5,fail,0:00:44
248,0.01,12,0.33,0,3.6,1,0.6,13.9,9.1,4.6,13.6,179.8,fail,0:00:32
249,0.01,9.3,0.08,12,4.4,1,0.8,22.1,12.5,3.1,18.3,179.8,fail,0:00:33
250,0.15,0,0.01,12,5.4,1,1,24.4,22.3,3.1,9.9,179.3,fail,0:00:35
251,0.6,6.5,0.08,0,30.7,10,2.6,26.5,26.4,5.8,2,42.3,fail,0:00:47
252,0.6,0,0.01,12,3.6,1,0.6,16.1,8,3.4,14,180,fail,0:00:32
253,0.08,3.3,0.5,12,103,10,4.1,27.4,27.1,5.9,6.2,47.5,pass,0:01:37
254,0.6,9.3,0.33,0,31.1,10,2.6,25.5,25.4,5.8,2.7,43.9,fail,0:00:48
255,0.01,3.3,0.33,9.3,10.9,2,1.5,16.9,15.6,5.4,15.9,179.8,fail,0:00:34
256,0.01,12,0.33,6.5,4.3,1,0.9,19.6,9.7,3.1,17,178.5,fail,0:00:32
257,0.38,0,0.01,0,31.4,9,3.9,36.6,18.7,11.1,32.4,160.2,fail,0:00:35
258,0.38,0,0.08,3.3,28.9,10,3.5,15,12.8,11.9,4,23,fail,0:00:35
259,0.01,9.3,0.33,6.5,3.8,1,0.6,18.4,12.9,3,13.1,179,fail,0:00:32
260,0.15,9.3,0.15,3.3,90.1,10,4.3,27.7,27.4,9.1,4.7,52,pass,0:01:22
261,0.01,3.3,0.01,12,3.2,1,0.5,20,10.1,3.1,17.3,179.6,fail,0:00:32
262,0.01,3.3,0.08,3.3,7.4,2,1,22.8,8.5,5.1,22.1,179.9,fail,0:00:33
263,0.08,3.3,0.5,6.5,95.3,10,4.2,29.7,29.5,6.5,5.3,47.5,pass,0:01:28
264,0.08,3.3,0.08,6.5,93.5,12,4.2,28.9,28.6,10.1,4.7,49.2,pass,0:01:28
265,0.15,3.3,0.15,12,93.4,12,4.1,28.8,28.4,10.1,4.6,43.2,pass,0:01:31
266,0.38,3.3,0.5,0,33.3,10,3.1,27,27,6.5,2.1,42.3,fail,0:00:44
267,0.15,0,0.5,12,36.5,10,4.1,15.5,13.9,11.4,3.7,39,fail,0:00:37
268,0.38,3.3,0.08,12,91.3,11,4,28.7,28.4,9.8,4.6,49.9,pass,0:01:24
269,0.01,6.5,0.5,0,13.5,3,1,35.6,29.4,3.1,26.3,179.7,fail,0:00:43
270,0.08,0,0.33,9.3,35.3,10,4.3,20.7,20.6,6.6,1.8,48.7,fail,0:00:35
271,0.6,3.3,0.15,6.5,95.3,10,4.2,29.5,29.2,5.9,5.4,47.5,pass,0:01:28
272,0.08,0,0.08,0,26.7,10,3.3,29.1,29.1,11.4,3.8,48.1,fail,0:00:35
273,0.08,3.3,0.33,3.3,94.2,11,4.4,29,28.7,10.2,4.7,49.2,pass,0:01:24
274,0.08,9.3,0.08,6.5,89.8,10,4.3,28.6,28.3,9.7,5,62.9,pass,0:01:22
275,0.01,9.3,0.08,9.3,3.6,1,0.5,22.3,11.2,3.2,19.4,179.9,fail,0:00:32
276,0.08,9.3,0.5,3.3,92.7,10,4,28.4,28,6.1,5.5,59.6,pass,0:01:30
277,0.08,6.5,0.15,0,32.3,10,2.3,27.6,27.6,9.6,2,60,fail,0:00:55
278,0.08,3.3,0.01,9.3,3.7,1,0.6,20.5,14.8,2.8,15.2,179.7,fail,0:00:33
279,0.15,3.3,0.15,3.3,90.7,12,4.6,28.6,28.2,10.1,4.6,43.2,pass,0:01:19
280,0.38,6.5,0.5,12,101.2,11,3.4,25.5,25.2,5.8,5.8,43.8,pass,0:01:53
281,0.01,6.5,0.08,9.3,3.5,1,0.6,25.9,19.2,3.1,17.4,180,fail,0:00:33
282,0.38,9.3,0.01,0,42.6,11,3.6,61.4,39.6,9.4,49.3,159.2,fail,0:00:47
283,0.08,9.3,0.08,12,90.4,11,4.2,28.3,28,9.7,5,66.8,pass,0:01:23
284,0.01,9.3,0.33,9.3,4,1,0.8,18.5,6.9,3.7,17.9,178.6,fail,0:00:33
285,0.15,9.3,0.33,6.5,90.9,12,4.2,27.9,27.6,9.2,4.7,51.7,pass,0:01:26
286,0.01,6.5,0.15,9.3,4,1,0.6,22.7,10.9,3.3,20,180,fail,0:00:34
287,0.15,0,0.5,0,29.7,10,3.4,30.8,30.3,9.7,4.3,47.5,fail,0:00:36
288,0.15,9.3,0.15,6.5,88.9,10,4.2,27.8,27.5,9.2,4.7,51.9,pass,0:01:22
289,0.38,3.3,0.08,0,35.1,10,2.8,27.6,27.6,9.9,2.6,44.2,fail,0:00:50
290,0.08,0,0.15,3.3,31.5,10,3.7,16.8,15.6,11.9,3.9,45.5,fail,0:00:35
291,0.6,9.3,0.08,6.5,100,10,4.1,27.1,26.7,5.8,5.4,48.3,pass,0:01:34
292,0.01,12,0.01,0,5,1,0.7,27.6,9.6,4.7,27.5,179.5,fail,0:00:33
293,0.15,3.3,0.08,9.3,91.6,10,4.1,28.8,28.4,10.1,4.6,48.5,pass,0:01:25
294,0.01,0,0.01,3.3,8.5,3,1.2,39.8,20.5,5.1,34.1,179,fail,0:00:37
295,0.01,0,0.01,12,3.4,1,0.7,21.6,12.4,3,17.7,178.6,fail,0:00:34
296,0.38,3.3,0.15,12,93.1,12,4.1,28.5,28.2,9.9,4.6,43.8,pass,0:01:30
297,0.01,3.3,0.08,6.5,6.9,2,1,29.2,12.8,4.4,26.7,179.5,fail,0:00:33
298,0.38,3.3,0.08,9.3,91.7,10,4.3,28.6,28.2,10,4.6,48.9,pass,0:01:23
299,0.38,0,0.01,6.5,6.8,1,1,23.5,23.5,3,13.3,179.6,fail,0:00:32
300,0.01,3.3,0.08,12,5.8,2,0.8,24.9,14.3,4.6,22.7,179.4,fail,0:00:34
301,0.38,3.3,0.15,6.5,90.6,10,4.4,28.6,28.2,9.8,4.6,43.8,pass,0:01:21
302,0.38,12,0.15,0,31.9,10,2.7,26.5,26.4,7.8,1.2,45.1,fail,0:00:47
303,0.01,12,0.5,3.3,4.2,1,0.6,16.8,8.6,3.3,14.4,178.9,fail,0:00:32
304,0.08,6.5,0.5,3.3,93.7,10,4.4,29.2,28.9,6.4,5.3,55.7,pass,0:01:24
305,0.15,3.3,0.15,0,35,10,2.5,27.7,27.7,10.2,2.7,43.6,fail,0:00:54
306,0.15,12,0.01,12,4.2,1,0.7,22.7,19.6,2.7,13.4,179.5,fail,0:00:35
307,0.01,0,0.33,0,22.3,10,2.8,30,29.9,6.9,1.6,47.7,fail,0:00:33
308,0.38,0,0.01,9.3,2.9,1,0.5,19.7,14.9,2.9,12.9,179.8,fail,0:00:32
309,0.6,6.5,0.01,6.5,5.2,1,0.7,19.8,10.1,2.9,19.8,179.5,fail,0:00:35
310,0.01,3.3,0.15,9.3,20.5,6,2.3,32.6,10.3,8.3,32.3,179.8,fail,0:00:35
311,0.38,12,0.01,9.3,4.2,1,0.7,21.6,8,4.1,20.5,179.3,fail,0:00:34
312,0.08,12,0.15,0,41.1,11,2.7,27.3,27.3,9.4,1.8,64.3,fail,0:00:59
313,0.38,6.5,0.33,6.5,89.9,10,4.2,28.1,27.8,8.7,4.7,44.5,pass,0:01:23
314,0.38,0,0.08,0,26.2,10,3.1,29.5,29.5,11.6,3.9,48.2,fail,0:00:35
315,0.08,9.3,0.33,3.3,91,10,4.2,28.6,28.3,9.6,5,63,pass,0:01:23
316,0.15,0,0.08,3.3,30,10,3.3,28.8,28.7,7,0.5,47,fail,0:00:38
317,0.01,0,0.15,3.3,28.2,10,3.5,33.6,33.6,7.8,1.2,47.7,fail,0:00:33
318,0.38,3.3,0.33,12,92.9,12,4.1,28.6,28.2,9.9,4.6,43.8,pass,0:01:30
319,0.15,3.3,0.5,9.3,95.2,10,4.3,29.2,28.9,6.2,6.3,43,pass,0:01:25
320,0.6,9.3,0.08,0,28.4,10,2.4,24.9,24.8,5.9,1,37.9,fail,0:00:47
321,0.6,0,0.5,3.3,216.2,6,2.8,10.4,4.8,6.3,9.9,13.6,fail,0:04:32
322,0.6,12,0.33,0,31.3,10,2.6,23.2,23.1,5.9,1.8,44.1,fail,0:00:48
323,0.08,6.5,0.33,3.3,90.4,10,4.4,28.9,28.6,9.8,4.7,60.8,pass,0:01:19
324,0.6,3.3,0.15,0,34.4,10,2.7,27.1,27.1,5.9,2.7,43.1,fail,0:00:50
325,0.38,12,0.33,9.3,88.9,11,3.3,27.6,27.3,7.8,5.7,45.5,pass,0:01:47
326,0.01,6.5,0.01,6.5,3.7,1,0.7,20.4,12.3,3.3,16.3,179.8,fail,0:00:33
327,0.6,3.3,0.08,6.5,94.5,11,4.1,29.5,29.2,6.1,5.3,52.4,pass,0:01:29
328,0.08,12,0.08,9.3,118.8,12,2.6,27.7,27.4,9.5,5.1,64.3,pass,0:03:45
329,0.6,0,0.33,9.3,32.3,10,3.6,14.1,12.7,12.6,5.2,43.1,fail,0:00:37
330,0.6,3.3,0.5,6.5,1058.5,8,2.4,11.8,8.3,9.3,11.8,16.9,fail,0:24:46
331,0.38,9.3,0.08,12,89.4,10,4.2,27.8,27.5,7.9,4.8,50.3,pass,0:01:23
332,0.08,12,0.01,12,3.7,1,0.7,21.7,16.3,2.8,14.6,178.7,fail,0:00:34
333,0.08,9.3,0.33,6.5,90,10,4.3,28.6,28.3,9.7,5,63.9,pass,0:01:21
334,0.38,12,0.5,3.3,91.5,10,4,27.1,26.9,5.7,5.6,47.5,pass,0:01:28
335,0.38,9.3,0.33,6.5,91.2,12,4.2,27.8,27.5,8,4.8,44.7,pass,0:01:27
336,0.38,12,0.33,12,88.5,11,3.3,27.6,27.3,7.7,6,46.5,pass,0:01:43
337,0.01,6.5,0.15,12,4.1,1,0.7,24.7,20.2,3.1,14.2,179.4,fail,0:00:33
338,0.6,6.5,0.5,6.5,240.9,10,1.5,14.1,10.6,6.6,14.1,20.4,fail,0:09:29
339,0.6,9.3,0.33,3.3,93,10,4.1,27.1,26.8,5.8,5.5,45.8,pass,0:01:28
340,0.01,3.3,0.01,6.5,4.6,1,0.8,23.3,21,3,10.7,179,fail,0:00:32
341,0.01,12,0.08,3.3,8.2,2,1.1,25.8,18.1,2.1,21,179,fail,0:00:34
342,0.08,9.3,0.01,9.3,7.3,1,1,23.1,23,2.9,17.7,180,fail,0:00:35
343,0.15,9.3,0.08,9.3,89.3,10,4.1,27.9,27.6,9.1,4.7,54.3,pass,0:01:24
344,0.38,6.5,0.08,12,89.4,10,4.2,28.1,27.7,8.6,4.7,49.2,pass,0:01:23
345,0.38,9.3,0.5,9.3,103.4,10,3,27.6,27.2,5.8,5.9,55.2,pass,0:02:12
346,0.08,12,0.08,3.3,116.1,11,2.8,27.4,27.2,9.5,5.1,62.8,pass,0:03:24
347,0.38,9.3,0.01,9.3,8.3,1,1.2,21.9,21.7,2.9,15.8,179.4,fail,0:00:33
348,0.08,0,0.33,12,34.4,10,4.2,19.8,19.7,6.6,1.9,48.8,fail,0:00:34
349,0.6,12,0.08,9.3,170.2,11,4,26.3,25.9,9.9,10,55.2,pass,0:02:19
350,0.08,0,0.5,0,22.8,10,2.9,32.3,32.3,6.8,1.8,47,fail,0:00:34
351,0.15,0,0.15,9.3,33.3,10,3.7,32.4,32.4,6.1,1.5,51.6,fail,0:00:37
352,0.38,3.3,0.5,3.3,94.4,10,4.4,28.8,28.5,6.4,5.3,43.2,pass,0:01:23
353,0.6,3.3,0.01,3.3,7.1,2,1.1,26.2,13.5,3.5,26,179.7,fail,0:00:34
354,0.15,9.3,0.33,9.3,91.1,12,4.2,27.8,27.5,9.3,4.7,51.7,pass,0:01:27
355,0.6,9.3,0.15,3.3,93.1,10,4.4,27.3,27,5.8,5.3,45.7,pass,0:01:22
356,0.6,3.3,0.33,0,33.7,10,2.6,27.2,27.2,6.2,2.7,44,fail,0:00:50
357,0.01,9.3,0.01,6.5,3.1,1,0.5,13,6.5,3.5,11.7,180,fail,0:00:32
358,0.38,6.5,0.5,0,36.6,11,3.1,26.3,26.3,5.8,3.4,44.2,fail,0:00:47
359,0.6,6.5,0.5,12,24.2,5,1.4,6,1.1,5.9,5,3.1,fail,0:01:29
360,0.15,9.3,0.01,9.3,4.3,1,0.6,23.5,20,2.8,12.8,179.1,fail,0:00:36
361,0.15,12,0.15,3.3,90.1,10,4.2,27.4,27.1,9.1,4.7,54.2,pass,0:01:23
362,0.38,9.3,0.33,9.3,91,11,4.2,27.8,27.5,7.9,4.8,44.7,pass,0:01:27
363,0.08,0,0.5,9.3,32.7,10,3.8,13,13,6.4,3.7,43.4,fail,0:00:36
364,0.6,3.3,0.33,9.3,93.1,10,3,29.2,29,6.1,5,44.9,pass,0:01:58
365,0.6,6.5,0.08,6.5,90.8,10,4,28,27.7,5.7,5.2,54.6,pass,0:01:28
366,0.08,6.5,0.33,12,91.5,12,4.2,28.8,28.5,9.8,4.7,60.4,pass,0:01:27
367,0.08,3.3,0.01,6.5,4.1,1,0.5,23.5,18.5,3,14.4,179.4,fail,0:00:41
368,0.15,3.3,0.01,0,35.8,10,2.7,27.6,27.6,10.2,2.5,45.1,fail,0:00:52
369,0.08,6.5,0.01,6.5,4.4,1,0.6,22.4,17.1,3.1,16.5,178.8,fail,0:00:41
370,0.08,9.3,0.08,0,33.6,10,2.4,27.4,27.4,9.6,3.3,62.6,fail,0:00:55
371,0.01,9.3,0.33,3.3,3.4,1,0.5,14.7,7.8,3.5,12.4,179.5,fail,0:00:32
372,0.15,0,0.33,0,28.4,10,3.5,29.3,29.3,10.4,3.8,48.1,fail,0:00:34
373,0.38,0,0.08,12,28.8,10,3.5,16.3,12.9,11.1,4,26.1,fail,0:00:35
374,0.01,3.3,0.15,0,6.6,2,1,24.5,9.3,5.1,24,179.5,fail,0:00:33
375,0.38,12,0.08,6.5,89.3,10,4.3,27.6,27.3,8,4.8,46.1,pass,0:01:20
376,0.38,12,0.5,0,30.5,10,2.7,25.9,25.8,6.1,3.3,44.8,fail,0:00:46
377,0.38,9.3,0.01,3.3,11,2,1.6,24.3,16.1,4.1,21.6,179.2,fail,0:00:33
378,0.01,3.3,0.01,3.3,6.1,2,0.9,22.1,8.4,4.7,20.9,179.3,fail,0:00:33
379,0.01,6.5,0.08,0,3.4,1,0.7,20,12.9,3.2,15.3,179.9,fail,0:00:32
380,0.08,0,0.01,6.5,7.3,2,1.2,23.1,14,5.8,20.5,178.7,fail,0:00:33
381,0.01,0,0.15,0,29.4,10,3.5,31.7,30.9,10.1,3.6,45.5,fail,0:00:35
382,0.08,6.5,0.01,9.3,8.5,2,1.2,22.1,16.6,6,18.7,179.2,fail,0:00:37
383,0.08,12,0.33,9.3,90.6,11,4.2,27.9,27.6,9.7,5.1,63.8,pass,0:01:21
384,0.6,0,0.08,0,28.6,10,3.2,29.7,29.7,7.1,1.6,46.6,fail,0:00:37
385,0.15,9.3,0.5,3.3,92.2,10,4.1,28.4,28.2,5.8,4.8,51.2,pass,0:01:28
386,0.15,12,0.01,3.3,8.7,3,1.3,27.5,9.7,5.7,26.8,179.5,fail,0:00:34
387,0.6,12,0.01,0,30.7,10,2.6,23.6,23.5,5.9,1.8,34.6,fail,0:00:48
388,0.6,6.5,0.15,9.3,95.6,10,3.9,28.1,27.8,5.7,5.6,51.1,pass,0:01:35
389,0.08,3.3,0.15,6.5,91.5,10,4.4,28.8,28.5,10.2,4.8,49.5,pass,0:01:20
390,0.6,3.3,0.5,3.3,1018.4,8,2.7,12.5,9.4,8.6,12.5,19.1,fail,0:20:40
391,0.08,0,0.01,9.3,7,1,0.9,25.7,25.6,2.8,9.7,179.6,fail,0:00:35
392,0.08,9.3,0.5,12,96.1,10,2.7,23,22.9,5.7,7.9,62.2,pass,0:02:11
393,0.6,12,0.08,3.3,94.8,11,4.2,26.1,25.8,5.9,5,47.1,pass,0:01:28
394,0.6,6.5,0.15,0,29,10,2.5,26.4,26.3,5.8,1.2,42,fail,0:00:47
395,0.6,12,0.08,12,202.8,11,4.3,25.7,25.4,10.5,14.1,52.3,pass,0:02:54
396,0.6,0,0.15,12,29.7,10,3.4,12.1,10.5,10.9,3.8,31.4,fail,0:00:37
397,0.01,6.5,0.33,9.3,3.5,1,0.6,23.4,17.7,3.1,15.3,179.5,fail,0:00:33
398,0.01,9.3,0.01,3.3,2.9,1,0.5,19.7,12.9,2.9,15,179.9,fail,0:00:32
399,0.38,9.3,0.5,6.5,93.1,11,4,28.3,28.1,6,6.2,47,pass,0:01:29
400,0.01,9.3,0.5,12,3.5,1,0.6,17.2,6,2.6,16.2,179.3,fail,0:00:33
401,0.38,3.3,0.15,3.3,92.2,11,4.4,28.5,28.1,10,4.6,43.8,pass,0:01:23
402,0.01,9.3,0.08,6.5,3.7,1,0.6,16.4,7.9,3.4,15.7,179.5,fail,0:00:34
403,0.01,3.3,0.5,12,5.6,1,0.9,16.7,12.5,2.8,16.7,179.7,fail,0:00:34
404,0.6,3.3,0.01,6.5,18.9,6,2,26,13.2,4,25.8,179,fail,0:00:38
405,0.01,0,0.5,12,37.4,7,4.7,16.4,15.8,6.5,3.3,45.9,fail,0:00:33
406,0.08,6.5,0.08,12,89.8,10,4.3,28.9,28.6,9.7,4.7,60.3,pass,0:01:22
407,0.08,6.5,0.5,9.3,93.1,11,3.6,26.2,26.1,5.7,6.1,57.2,pass,0:01:42
408,0.15,3.3,0.01,6.5,6.9,1,0.9,23.7,23.7,3,12.4,179.7,fail,0:00:34
409,0.08,3.3,0.01,0,45.1,11,3.5,60.1,34.1,10,50.6,167.5,fail,0:00:51
410,0.15,0,0.33,9.3,28.2,10,3.3,22.2,22,7,4.2,33.3,fail,0:00:35
411,0.08,6.5,0.33,6.5,90.7,11,4.3,28.9,28.6,9.8,4.7,60.9,pass,0:01:22
412,0.01,12,0.15,9.3,4.1,1,0.9,17.3,9.9,3.2,14.2,178,fail,0:00:32
413,0.15,3.3,0.08,6.5,93.3,12,4.1,28.8,28.4,10.2,4.6,45.5,pass,0:01:31
414,0.6,6.5,0.5,9.3,470.4,9,1.4,16,10.7,7.5,16,20.4,fail,0:19:54
415,0.15,6.5,0.01,0,33.6,10,2.5,27,27,9.5,2.6,49.9,fail,0:00:54
416,0.6,9.3,0.01,12,3.4,1,0.6,20.4,14.5,2.5,14.4,179.4,fail,0:00:33
417,0.15,12,0.15,12,91.1,12,4,27.5,27.2,9.3,4.7,54.2,pass,0:01:31
418,0.08,3.3,0.33,6.5,92.4,11,4.5,28.8,28.5,10.3,4.7,49.2,pass,0:01:23
419,0.08,0,0.08,6.5,29.7,10,3.5,16.6,15.6,9.9,3.9,32.4,fail,0:00:36
420,0.01,6.5,0.08,6.5,4,1,0.8,27.7,20.8,3.1,18.2,179.2,fail,0:00:33
421,0.01,0,0.15,12,29.6,10,3.7,15.7,15.3,11.7,4.6,45.8,fail,0:00:34
422,0.6,3.3,0.01,12,6.4,2,0.8,20.1,11.6,3.2,18.1,179.2,fail,0:00:33
423,0.08,6.5,0.08,3.3,92,12,4.2,28.9,28.6,9.6,4.7,60,pass,0:01:28
424,0.01,12,0.15,0,3.1,1,0.7,18.1,8.6,3.3,16,178.8,fail,0:00:32
425,0.38,12,0.01,6.5,7.1,2,1.1,20,10.9,5.6,19.5,179.4,fail,0:00:33
426,0.01,12,0.01,9.3,4.9,1,0.7,16.1,15.9,3.7,15,179.7,fail,0:00:34
427,0.15,3.3,0.08,0,34.3,10,2.6,27.7,27.7,10.1,2.6,44.8,fail,0:00:53
428,0.6,0,0.08,6.5,32.8,10,3.7,12.8,11,12,3.8,33.5,fail,0:00:37
429,0.38,0,0.15,12,33.9,10,3.9,15.9,15.9,7.8,1.7,48.4,fail,0:00:36
430,0.6,12,0.5,3.3,288.6,11,2.4,21.7,21.3,3.8,13.3,47,pass,0:07:08
431,0.38,0,0.15,3.3,27.7,10,3.3,12.6,12.6,10.1,3.6,30.6,fail,0:00:35
432,0.15,0,0.15,12,43.5,10,4.9,43,42.8,7.5,5.9,61.1,fail,0:00:37
433,0.38,6.5,0.08,9.3,89.5,10,4.4,28,27.7,8.8,4.7,50.5,pass,0:01:19
434,0.15,9.3,0.01,0,44.3,10,3.1,62.5,33.8,9.6,52.9,169,fail,0:00:57
435,0.08,0,0.08,3.3,31.1,10,3.8,17.2,16.3,12,3.8,47.3,fail,0:00:35
436,0.38,12,0.01,0,42.2,11,3.7,61.9,38.5,9.6,50.6,163.9,fail,0:00:46
437,0.01,6.5,0.33,0,9.5,3,0.9,26.1,14,3.1,22.4,179.7,fail,0:00:32
438,0.6,3.3,0.08,9.3,94,11,4.1,29.4,29.2,5.9,5.2,53.8,pass,0:01:29
439,0.6,12,0.33,6.5,90.5,10,3.6,26.2,25.9,5.9,5.3,47.3,pass,0:01:37
440,0.6,3.3,0.33,12,92.5,10,3.1,29.1,28.8,5.8,5,48.3,pass,0:01:52
441,0.6,6.5,0.33,6.5,93.2,11,4.1,28.6,28.3,5.7,5.3,46,pass,0:01:29
442,0.01,3.3,0.01,9.3,12.6,2,1.5,26.3,16.8,3.3,20.1,179.2,fail,0:00:35
443,0.15,6.5,0.5,3.3,92.2,10,4.3,28.5,28.3,6.3,5,46.9,pass,0:01:24
444,0.15,9.3,0.5,6.5,90.1,10,4,28.4,28.2,5.7,4.9,51,pass,0:01:27
445,0.15,3.3,0.33,6.5,92.2,11,4.4,28.7,28.3,10.2,4.6,43.2,pass,0:01:24
446,0.38,12,0.01,12,4.4,1,0.6,17.6,11.1,4.5,17.6,179.5,fail,0:00:41
447,0.6,9.3,0.33,9.3,95.8,10,2.9,27.3,26.9,5.7,5.4,46.2,pass,0:02:06
448,0.08,0,0.15,6.5,29.6,10,3.4,26.3,26.2,6.8,1.7,45.4,fail,0:00:36
449,0.08,6.5,0.15,6.5,88.9,10,4,28.9,28.6,9.5,4.7,60.8,pass,0:01:26
450,0.08,12,0.33,0,39.6,10,3.4,27.4,27.3,9.5,1.7,63.4,fail,0:00:47
451,0.01,3.3,0.33,6.5,8.2,2,1,21.6,9.1,5.1,21.5,179.9,fail,0:00:34
452,0.6,3.3,0.5,0,799,12,3.7,29.3,29.3,11.4,15.1,32,fail,0:12:19
453,0.08,0,0.01,3.3,8.7,3,1.1,33.3,8.7,5.5,32.7,179.4,fail,0:00:34
454,0.15,6.5,0.15,12,91.2,12,4.1,28.3,28,9.6,4.7,48.9,pass,0:01:29
455,0.6,9.3,0.01,3.3,20,2,2.4,29.3,25.3,3.2,14.9,179.2,fail,0:00:36
456,0.15,0,0.5,9.3,30.6,10,3.7,34.3,34.3,6,1.7,47.2,fail,0:00:34
457,0.15,3.3,0.33,0,34.2,10,2.5,27.6,27.6,10.2,2.6,44.5,fail,0:00:55
458,0.6,3.3,0.01,0,32.7,10,2.7,26.9,26.9,6.1,2.4,43.4,fail,0:00:49
459,0.38,9.3,0.15,9.3,90.8,12,4.2,27.7,27.4,8,4.8,44.6,pass,0:01:27
460,0.15,6.5,0.33,12,91.1,12,3.9,28.2,27.9,9.6,4.7,48.8,pass,0:01:34
461,0.01,6.5,0.33,3.3,3.3,1,0.6,22.9,17.8,3.1,16.6,179.6,fail,0:00:33
462,0.01,9.3,0.01,9.3,3.5,1,0.7,20.4,10.5,3,17.5,178.8,fail,0:00:33
463,0.15,12,0.5,12,110.5,10,3.1,26.4,26.1,7.3,7.2,53.6,pass,0:02:14
464,0.6,12,0.33,9.3,120.2,10,3.2,26.2,25.8,7.5,9.2,46.9,pass,0:02:21
465,0.6,12,0.5,6.5,1133.6,12,1.6,20,19.7,4.7,13.7,47.3,pass,0:39:58
466,0.6,9.3,0.15,12,103.4,10,3.4,27.3,26.9,5.7,6.4,49.5,pass,0:01:56
467,0.6,6.5,0.33,3.3,93.4,10,4.4,28,27.7,5.8,5.4,45.9,pass,0:01:21
468,0.6,6.5,0.01,3.3,10.1,2,1.3,27.8,19.6,3.3,19.7,179.9,fail,0:00:33
469,0.38,9.3,0.15,3.3,91.2,12,4.2,27.8,27.5,8,4.8,44.7,pass,0:01:27
470,0.6,12,0.5,0,54.1,11,2.2,26,26,3,1.8,46.5,fail,0:01:34
471,0.15,3.3,0.5,6.5,93.6,10,4.3,29.3,29.1,6.5,5.4,43,pass,0:01:24
472,0.15,12,0.08,9.3,89.5,10,4.2,27.7,27.4,9,4.7,55.8,pass,0:01:23
473,0.15,6.5,0.33,0,32.5,11,2.8,26.9,26.9,9.7,2.6,48.9,fail,0:00:47
474,0.15,9.3,0.5,0,31.4,11,2.7,26.6,26.6,6.3,2.3,44.4,fail,0:00:47
475,0.6,9.3,0.15,0,31.2,11,2.5,25,24.9,5.9,2.8,43,fail,0:00:49
476,0.15,12,0.15,0,33.4,10,2.7,26.5,26.5,9,1.3,54.2,fail,0:00:50
477,0.08,6.5,0.15,3.3,92,12,4.1,28.9,28.6,9.7,4.8,60.1,pass,0:01:29
478,0.15,6.5,0.5,0,34,10,1.8,26.7,26.7,6.5,2.7,45.9,fail,0:01:14
479,0.15,0,0.08,0,28.5,10,3.2,28.9,28.9,7.5,1.4,48.5,fail,0:00:37
480,0.6,12,0.33,3.3,98,11,3.8,25.9,25.4,5.9,5.4,48.2,pass,0:01:39
481,0.01,12,0.08,6.5,3.5,1,0.8,18.7,9.2,3.2,16.3,178.3,fail,0:00:32
482,0.15,9.3,0.15,0,33.2,10,2.8,26.7,26.7,8.9,1.3,51.7,fail,0:00:47
483,0.01,3.3,0.15,3.3,6.8,2,1.1,24.1,9.4,5.2,23.8,179.2,fail,0:00:34
484,0.38,0,0.15,9.3,37.1,10,4.4,17.6,17.6,7.9,1.6,47.9,fail,0:00:35
485,0.08,3.3,0.33,12,91.5,10,4.3,28.9,28.5,10.2,4.7,49.7,pass,0:01:23
486,0.38,6.5,0.08,6.5,91,12,4.2,28,27.7,8.8,4.7,45.5,pass,0:01:26
487,0.15,12,0.33,12,90.1,12,4,27.6,27.4,9.3,4.7,54.2,pass,0:01:31
488,0.38,6.5,0.15,3.3,90.9,11,4.2,28,27.7,8.7,4.7,44.5,pass,0:01:23
489,0.01,6.5,0.08,3.3,4.5,1,0.7,25.9,20.7,3,15.6,179.9,fail,0:00:33
490,0.08,9.3,0.15,0,33.8,10,2.5,27.6,27.6,9.6,2.7,62.9,fail,0:00:55
491,0.15,6.5,0.08,12,89.1,10,4,28.1,27.8,9.7,4.7,53.3,pass,0:01:25
492,0.01,0,0.33,3.3,29.8,10,3.8,17.6,14,11.1,3.8,38.3,fail,0:00:33
493,0.15,3.3,0.01,12,3,1,0.6,17,12.1,3,12,179.8,fail,0:00:34
494,0.15,12,0.08,3.3,89.5,10,4.3,27.7,27.4,9,4.7,54.4,pass,0:01:20
495,0.38,12,0.33,3.3,91,10,4.3,27.7,27.4,7.7,4.8,45.8,pass,0:01:22
496,0.01,3.3,0.08,9.3,11.9,2,1.6,20.5,13.7,5.2,20.4,179.2,fail,0:00:35
497,0.6,0,0.33,12,35,10,3.7,12.3,9.7,9.4,3.7,41.4,fail,0:00:39
498,0.15,9.3,0.33,3.3,91.4,10,4.4,27.9,27.6,9,4.7,51.7,pass,0:01:21
499,0.15,6.5,0.33,6.5,92.1,12,4,28.3,28,9.8,4.7,48.8,pass,0:01:32
500,0.6,12,0.15,6.5,98.9,11,3.9,26.4,26.1,5.8,5.3,46.2,pass,0:01:38
501,0.15,9.3,0.01,3.3,12.7,3,1.4,27.2,16.8,4.4,23.5,179.4,fail,0:00:37
502,0.01,3.3,0.15,12,6.4,2,1,23.6,7.8,4.9,23.5,178.9,fail,0:00:33
503,0.6,9.3,0.5,12,197.8,10,1.8,15.1,9.9,12,15,24.6,fail,0:06:27
504,0.38,6.5,0.5,9.3,102.3,11,3.6,27.3,27,5.7,6.1,44,pass,0:01:49
505,0.08,9.3,0.15,9.3,89.8,10,4.2,28.5,28.2,9.7,5,62.9,pass,0:01:23
506,0.15,12,0.15,6.5,89.2,10,4.2,27.7,27.4,9.1,4.7,54.2,pass,0:01:22
507,0.15,6.5,0.08,0,33.9,11,2.6,27,27,9.6,2.7,48.7,fail,0:00:51
508,0.01,6.5,0.5,9.3,4,1,0.7,15.9,10.1,2.7,12.3,179.4,fail,0:00:33
509,0.08,12,0.01,9.3,7.2,2,1,34.7,23.2,4.2,25.8,179.9,fail,0:00:36
510,0.08,9.3,0.01,12,3.8,1,0.5,21.3,17.7,2.8,11.9,179.3,fail,0:00:35
511,0.6,3.3,0.01,9.3,8.4,3,0.9,20.2,10.9,3.1,17.9,179.9,fail,0:00:32
512,0.15,3.3,0.33,9.3,92.3,12,4.1,28.7,28.3,10.2,4.6,43.2,pass,0:01:30
513,0.6,0,0.5,12,83.7,11,3.7,16.8,10.2,7,16.6,37.2,fail,0:01:25
514,0.01,3.3,0.33,12,9.4,2,1.4,18.2,10.2,5.3,17.1,179.4,fail,0:00:34
515,0.15,12,0.5,6.5,89,11,3.9,28.2,28,5.7,4.9,53.8,pass,0:01:29
516,0.15,12,0.01,9.3,13.2,2,1.7,20.6,17.6,6.1,19.7,179.4,fail,0:00:36
517,0.6,12,0.5,12,235.4,9,1.9,13.8,5.6,5.8,13.3,21.9,fail,0:07:49
518,0.6,6.5,0.33,9.3,90.1,11,3.1,28,27.8,5.7,5.2,46.1,pass,0:01:50
519,0.6,12,0.15,0,28.8,10,2.3,23.4,23.3,5.9,0.8,34.4,fail,0:00:51
520,0.08,6.5,0.01,3.3,15,3,1.9,44.4,28.4,6.3,34,178.7,fail,0:00:37
521,0.01,12,0.15,12,3.7,1,0.6,17.1,11,4.8,17.1,179.9,fail,0:00:32
522,0.38,0,0.5,9.3,35.2,9,3.8,12.7,12.2,12.2,7.1,45.2,fail,0:00:38
523,0.38,0,0.5,12,38,11,4,12.7,12.6,12.4,9.1,48.8,fail,0:00:38
524,0.38,9.3,0.08,9.3,90.9,12,4.2,27.8,27.5,8.1,4.8,48.2,pass,0:01:27
525,0.15,6.5,0.01,3.3,12.5,3,1.4,35.3,26.7,4.6,29.1,179.5,fail,0:00:38
526,0.01,9.3,0.01,0,3.9,1,0.6,19.6,9.8,4.6,19.5,179.9,fail,0:00:34
527,0.15,6.5,0.33,3.3,91.7,12,4,28.3,28,9.6,4.7,48.8,pass,0:01:32
528,0.38,0,0.33,12,27.7,10,3.3,12.3,11.4,7.7,1.5,24.2,fail,0:00:35
529,0.6,0,0.01,9.3,4.3,1,0.7,19.9,10,3.4,19.9,180,fail,0:00:34
530,0.15,3.3,0.5,0,35,10,2.6,27.1,27.1,7.5,3.1,44.4,fail,0:00:54
531,0.08,3.3,0.5,9.3,95.6,11,4.3,29.1,28.9,5.9,5.8,48,pass,0:01:25
532,0.08,3.3,0.01,3.3,11.8,3,1.6,26.6,12.6,6.3,24.5,179.7,fail,0:00:34
533,0.01,9.3,0.5,0,5.3,2,0.7,20.4,12.4,3,18.8,179.6,fail,0:00:33
534,0.38,12,0.08,0,31.6,10,2.8,26.5,26.5,7.6,1.3,44.7,fail,0:00:46
535,0.15,6.5,0.33,9.3,91.4,12,4,28.1,27.8,9.7,4.7,48.8,pass,0:01:30
536,0.6,12,0.33,12,171.4,11,3.7,26.6,26.2,7.7,10.7,48.2,pass,0:02:44
537,0.08,9.3,0.08,9.3,90,10,4,28.7,28.4,9.7,5,64,pass,0:01:23
538,0.38,3.3,0.08,3.3,91.7,12,4.5,28.4,28,9.9,4.6,43.8,pass,0:01:22
539,0.15,0,0.33,3.3,28.2,10,3.4,14.9,14.9,11,4.4,30.9,fail,0:00:34
540,0.38,9.3,0.15,6.5,90.8,12,4.2,27.7,27.5,8,4.7,44.6,pass,0:01:27
541,0.38,0,0.33,3.3,29.4,10,2,32.5,32.5,8.8,1.5,47.1,fail,0:00:57
542,0.01,12,0.33,9.3,3.9,1,0.5,17.6,8.3,4.3,17.4,180,fail,0:00:32
543,0.01,12,0.08,0,4.1,1,0.5,12.8,8.2,4.2,12.2,179.8,fail,0:00:32
544,0.15,0,0.08,9.3,28.8,10,3.2,33.2,33.2,8.2,1.3,47.7,fail,0:00:37
545,0.38,6.5,0.5,6.5,91.1,10,4.2,28.4,28.2,5.5,5.6,44.3,pass,0:01:24
546,0.38,12,0.08,3.3,91.3,12,4.2,27.5,27.2,7.7,4.8,45.3,pass,0:01:26
547,0.38,12,0.15,3.3,91.8,12,4.3,27.6,27.3,7.6,4.8,45.5,pass,0:01:26
548,0.38,9.3,0.01,12,3.3,1,0.7,21.5,13.8,2.9,16.5,179.9,fail,0:00:33
549,0.15,0,0.01,0,29.1,10,3.3,33.3,33.3,8.9,1.1,47.7,fail,0:00:37
550,0.08,12,0.5,0,28.4,10,2.6,25.7,25.5,6,1.1,56.3,fail,0:00:43
551,0.01,6.5,0.01,12,3.6,1,0.6,26,13.4,2.6,22.2,179.1,fail,0:00:33
552,0.08,12,0.5,12,108,10,2.9,16.9,16.8,7.5,7.5,59.4,pass,0:02:20
553,0.15,0,0.15,3.3,30,10,3.3,27.2,27.2,7.3,1.6,46.2,fail,0:00:37
554,0.01,0,0.01,9.3,4.9,2,0.5,21.3,13.3,3,18.1,179.6,fail,0:00:33
555,0.6,6.5,0.01,0,43.2,11,3.6,57.4,27.9,9.1,50.2,165.8,fail,0:00:48
556,0.01,0,0.5,0,23,10,2.9,32.7,32.6,6.5,1.5,47.4,fail,0:00:33
557,0.01,9.3,0.5,6.5,5.5,1,0.7,25.5,8.3,3,24.1,179.7,fail,0:00:32
558,0.38,0,0.15,6.5,28.3,10,3.3,17.4,16.4,11.2,4.1,23,fail,0:00:36
559,0.08,6.5,0.5,0,31.9,10,2.6,27.3,27.2,6.7,1.6,52.9,fail,0:00:49
560,0.01,12,0.5,6.5,6.9,1,0.9,19.3,19.2,2.1,8.6,179.6,fail,0:00:34
561,0.38,3.3,0.5,6.5,94.2,10,4.3,29.2,28.9,6,6.2,43.3,pass,0:01:24
562,0.01,9.3,0.15,0,4.7,2,0.9,18.7,13.2,2.9,13.2,179.7,fail,0:00:32
563,0.15,3.3,0.15,9.3,93.3,12,4.1,28.7,28.4,10,4.6,43.2,pass,0:01:31
564,0.15,0,0.01,3.3,16.2,3,2.3,31.3,22.9,5.4,25.5,178.7,fail,0:00:36
565,0.6,9.3,0.5,6.5,441.4,10,1.3,14.9,9.4,7.5,14.9,20.2,fail,0:19:07
566,0.08,12,0.15,3.3,114.6,11,2.7,27.6,27.4,9.5,5.2,63.1,pass,0:03:19
567,0.38,3.3,0.15,0,35.6,10,2.7,27.5,27.5,9.9,2.6,43.8,fail,0:00:52
568,0.08,0,0.33,0,24.4,10,3.1,29.6,29.6,10,3.7,47.8,fail,0:00:34
569,0.38,9.3,0.01,6.5,11.1,3,1.7,44.1,26.5,4.6,35.2,178.7,fail,0:00:36
570,0.15,12,0.01,0,32,10,2.2,26.6,26.5,9.1,2.5,54.1,fail,0:00:56
571,0.01,6.5,0.01,9.3,3.7,1,0.6,16,10.6,2.9,11.9,179.6,fail,0:00:32
572,0.15,6.5,0.15,3.3,89.1,10,4.1,28.1,27.7,9.6,4.7,48.9,pass,0:01:23
573,0.08,9.3,0.01,6.5,12.9,3,1.8,46.2,34.6,10.4,30.7,178.9,fail,0:00:36
574,0.01,6.5,0.15,3.3,3.1,1,0.6,19,10.5,3.2,15.8,179.2,fail,0:00:33
575,0.15,0,0.01,6.5,6.2,2,0.9,27.1,11.7,4.6,25.3,179.8,fail,0:00:36
576,0.01,0,0.08,0,28.5,10,2.9,33.4,33.4,7.6,1.3,47.6,fail,0:00:40
577,0.6,3.3,0.33,3.3,95.4,10,4.3,29.4,29.1,6.1,5.2,45,pass,0:01:24
578,0.38,9.3,0.15,12,90.9,11,4.2,27.8,27.5,8,4.8,44.7,pass,0:01:27
579,0.38,6.5,0.08,0,33,11,2.7,26.8,26.8,8.7,2.8,44.4,fail,0:00:48
580,0.01,12,0.01,6.5,2.9,1,0.6,21.4,14.6,2.8,15.6,178.9,fail,0:00:33
581,0.6,0,0.08,3.3,26.5,10,2.9,33.1,33.1,7,1.9,48.1,fail,0:00:38
582,0.6,6.5,0.5,3.3,356.6,10,1.7,13.8,6,10.8,13.8,17.7,fail,0:11:48
583,0.08,3.3,0.15,3.3,89.9,10,4.8,28.7,28.4,10.2,4.8,49.2,pass,0:01:13
584,0.6,6.5,0.5,0,354,12,2.3,18.3,16.5,12.8,15.6,45.3,fail,0:09:10
585,0.38,6.5,0.01,9.3,7.3,1,1.2,25.8,25.7,2.8,10.4,179.7,fail,0:00:33
586,0.01,9.3,0.5,9.3,4.7,1,0.8,12.8,6,2.5,11.3,178.9,fail,0:00:33
587,0.6,12,0.01,6.5,9.8,2,1.1,25.5,19.1,2.3,19.7,179.5,fail,0:00:35
588,0.6,9.3,0.01,9.3,6,2,0.9,17.3,12.7,2.4,13,179.7,fail,0:00:32
589,0.6,12,0.08,6.5,119.2,10,3.6,26.3,26,6.4,6.2,49.4,pass,0:02:00
590,0.08,6.5,0.08,9.3,89.3,10,4.3,29,28.7,9.6,4.8,60.7,pass,0:01:22
591,0.38,12,0.08,12,89.6,10,4.2,27.6,27.3,7.7,4.8,48.9,pass,0:01:23
592,0.08,3.3,0.5,3.3,93.8,10,4.3,29.1,28.7,7.4,5,47.2,pass,0:01:24
593,0.08,12,0.5,3.3,131.6,11,2.4,26.4,26.1,6.5,5.3,59.2,pass,0:04:43
594,0.01,0,0.08,9.3,31.1,10,3.8,17.7,16,9.3,3.8,42.6,fail,0:00:34
595,0.15,12,0.5,9.3,100.1,10,3.2,27.5,27.2,5.7,7.2,52.6,pass,0:02:01
596,0.01,3.3,0.01,0,9.8,3,1.2,25.1,11.8,5.3,24,179.8,fail,0:00:33
597,0.15,9.3,0.08,6.5,89.7,10,4.1,27.9,27.7,9.3,4.7,52.1,pass,0:01:24
598,0.08,9.3,0.33,12,90.1,10,4.4,28.4,28.1,9.7,5,63,pass,0:01:21
599,0.15,12,0.33,0,29.8,10,2.5,26.5,26.5,9,1.1,53.9,fail,0:00:48
600,0.38,3.3,0.5,12,107,10,3.8,28.6,28.3,5.8,6.7,42.8,pass,0:01:47
601,0.15,9.3,0.08,12,89.2,10,4.1,27.8,27.5,9.2,4.7,55.6,pass,0:01:24
602,0.15,9.3,0.33,12,89.2,10,4.1,27.9,27.6,9.2,4.7,52,pass,0:01:24
603,0.08,9.3,0.01,0,32.3,10,2.6,27.5,27.5,9.5,1.9,63,fail,0:00:49
604,0.38,6.5,0.01,0,32.1,10,2.5,26.9,26.8,8.7,1.6,44.4,fail,0:00:51
605,0.01,12,0.33,12,10.4,3,0.8,26.9,9.6,4.6,26.6,179.6,fail,0:00:32
606,0.01,6.5,0.5,6.5,8.1,3,0.9,22.6,10.6,3.5,21,179.7,fail,0:00:33
607,0.15,6.5,0.5,12,99.6,10,2.8,27.3,27,5.7,5.4,46.9,pass,0:02:15
608,0.08,3.3,0.08,9.3,93.8,12,4.1,28.9,28.6,10.3,4.7,49.3,pass,0:01:31
609,0.38,12,0.01,3.3,12.9,3,1.9,22.6,12.1,6,21.9,179,fail,0:00:34
610,0.38,6.5,0.33,9.3,91.1,11,4.2,28.1,27.8,8.6,4.7,44.5,pass,0:01:27
611,0.38,6.5,0.33,0,32.1,10,2.8,26.9,26.9,8.6,1,44.5,fail,0:00:46
612,0.6,12,0.01,3.3,9.1,3,1.3,36.8,20.3,3.9,30.7,179.8,fail,0:00:35
613,0.08,0,0.08,9.3,30.2,10,3.7,15.1,15,12,3.9,47.9,fail,0:00:34
614,0.08,12,0.5,9.3,94.1,10,2.9,23.9,23.8,5.8,6.9,61.6,pass,0:02:04
615,0.08,9.3,0.5,6.5,91.6,10,3.5,26.4,26.2,5.7,6.4,60.4,pass,0:01:31
616,0.38,9.3,0.15,0,32.2,10,2.9,26.6,26.6,7.9,1.1,44.5,fail,0:00:45
617,0.15,6.5,0.5,6.5,93.1,10,3.9,28.8,28.5,5.6,5,46.5,pass,0:01:32
618,0.01,9.3,0.33,0,3.9,1,0.7,20.3,12.2,3,16.2,179.8,fail,0:00:32
619,0.08,3.3,0.5,0,34.4,10,2.4,27.1,27.1,7.6,3.1,47.2,fail,0:00:57
620,0.08,9.3,0.15,6.5,89.8,10,4,28.7,28.4,9.4,5,62.9,pass,0:01:24
621,0.01,0,0.08,12,33.2,10,4,25.6,25.4,7.7,4.5,50.2,fail,0:00:34
622,0.38,9.3,0.08,6.5,89.3,10,4.3,27.8,27.5,8.1,4.8,46,pass,0:01:21
623,0.01,0,0.5,3.3,27.5,10,3.5,18.3,16.2,8.6,3.9,33.9,fail,0:00:33
624,0.08,3.3,0.33,0,35.4,10,2.5,27.7,27.7,10.3,2.6,49.5,fail,0:00:55
625,0.38,0,0.08,9.3,28.9,10,3.5,16.2,12.8,11.3,4.1,26,fail,0:00:35